seen_at,published,league,event,status,team,side,category,severe,source,confirmed_by,title,link
2026-09-28T20:42:50+00:00,2026-09-28T17:45:02+00:00,nfl,Carolina Panthers – Detroit Lions,PLAY,Carolina Panthers,home,Ausfall,True,ESPN,,Sources: Panthers CB Jaycee Horn out indefinitely with torn quad,https://www.espn.com/nfl/story/_/id/50052968/sources-panthers-cb-jaycee-horn-indefinitely-torn-quad
2026-09-28T20:42:50+00:00,2026-09-28T14:51:25+00:00,nfl,Chicago Bears – Philadelphia Eagles,WATCH,Chicago Bears,home,Rückkehr/Startelf,False,ESPN,CBS Sports,Tyson Bagent is set to return from injury this week for Bears,https://www.espn.com/video/clip/_/id/50052063/tyson-bagent-set-return-injury-week-bears
2026-09-28T20:42:50+00:00,2026-09-28T12:12:17+00:00,nfl,Chicago Bears – Philadelphia Eagles,WATCH,Chicago Bears,home,Rückkehr/Startelf,False,CBS Sports,ESPN,Bears expected to start Case Keenum vs. Eagles despite Tyson Bagent clearing concussion protocol,https://www.cbssports.com/nfl/news/bears-expected-to-start-case-keenum-vs-eagles/
2026-09-29T05:27:43+00:00,2026-09-28T21:05:41+00:00,nfl,Chicago Bears – New York Jets,WATCH,New York Jets,away,Ausfall,True,ESPN,,J.J. McCarthy traded to Giants: Will he succeed in New York?,https://www.espn.com/nfl/story/_/id/50053035/jj-mccarthy-trade-giants-vikings-quarterback-deadline-barnwell
2026-09-29T05:27:43+00:00,2026-09-28T21:42:14+00:00,nfl,Minnesota Vikings – Miami Dolphins,WATCH,Minnesota Vikings,home,Verletzung,True,CBS Sports,,J.J. McCarthy trade: Giants acquire Vikings QB in wake of Jaxson Dart injury,https://www.cbssports.com/nfl/news/new-york-giants-to-trade-for-j-j-mccarthy-per-report/
2026-09-29T05:27:43+00:00,2026-09-28T16:48:08+00:00,nfl,Minnesota Vikings – Miami Dolphins,WATCH,Minnesota Vikings,home,Ausfall,True,CBS Sports,,Bucs' Baker Mayfield to miss several weeks after injuring throwing hand during loss to Vikings,https://www.cbssports.com/nfl/news/baker-mayfield-injury-buccaneers-vikings-2026/
2026-09-29T05:27:43+00:00,2026-09-28T16:08:14+00:00,nfl,Minnesota Vikings – Miami Dolphins,WATCH,Miami Dolphins,away,Ausfall,True,CBS Sports,ESPN,"De'Von Achane out for season: After losing best player, are Dolphins bound to go 0-17?",https://www.cbssports.com/nfl/news/devon-achane-injury-dolphins-0-17-prediction/
2026-09-29T05:27:43+00:00,2026-09-28T14:49:56+00:00,nfl,Minnesota Vikings – Miami Dolphins,WATCH,Miami Dolphins,away,Ausfall,True,CBS Sports,ESPN,"Dolphins' De'Von Achane to miss rest of season with torn ACL, per report",https://www.cbssports.com/nfl/news/devon-achane-knee-injury-dolphins-chiefs-2026/
2026-09-29T05:27:43+00:00,2026-09-28T21:16:48+00:00,nfl,Carolina Panthers – Detroit Lions,PLAY,Detroit Lions,away,Rückkehr/Startelf,False,ESPN,,Lions post 31 points for record-setting third time to start 2026,https://www.espn.com/nfl/story/_/id/50053967/detroit-lions-jared-goff-jahmyr-gibbs-barry-sanders-offense
2026-09-29T05:27:43+00:00,2026-09-28T20:07:50+00:00,nfl,Chicago Bears – New York Jets,WATCH,New York Jets,away,Verletzung,False,ESPN,,Sources: Jets RB Breece Hall week-to-week with quad injury,https://www.espn.com/nfl/story/_/id/50053866/sources-jets-rb-breece-hall-week-week-quad-injury
2026-09-29T05:27:43+00:00,2026-09-28T21:41:33+00:00,nfl,Minnesota Vikings – Miami Dolphins,WATCH,Minnesota Vikings,home,Verletzung,False,ESPN,CBS Sports,"Vikings' Justin Jefferson has ankle sprain, could play this week",https://www.espn.com/nfl/story/_/id/50054067/sources-vikings-jefferson-ankle-sprain-play-week
2026-09-29T05:27:43+00:00,2026-09-28T19:53:28+00:00,nfl,Minnesota Vikings – Miami Dolphins,WATCH,Minnesota Vikings,home,Verletzung,False,CBS Sports,ESPN,"Vikings' Justin Jefferson suffers ankle sprain vs. Buccaneers, Week 4 status still unknown",https://www.cbssports.com/nfl/news/vikings-justin-jefferson-questionable-to-return-vs-buccaneers-with-a-knee-injury/
2026-09-29T05:27:43+00:00,2026-09-29T04:40:22+00:00,nfl,Minnesota Vikings – Miami Dolphins,WATCH,Miami Dolphins,away,Verletzung,False,ESPN,CBS Sports,Orlovsky: De'Von Achane's injury is a loss for the NFL,https://www.espn.com/video/clip/_/id/50052222/devon-achane-injury-loss-nfl
