created_at,observed_at,league,event,kickoff,market,selection,source,ref,odds,p_model,p_ref,p_final,fair_odds,min_odds,edge,ev,stake_eh,estimate,reason,result,closing_fair_odds,clv,pnl_eh
2026-09-28T18:53:55+00:00,2026-09-28T18:53:39+00:00,nfl,Carolina Panthers – Detroit Lions,2026-10-05T00:20+00:00,home,Carolina Panthers Sieg (inkl. OT),kalshi,KXNFLGAME-26OCT04DETCAR-CAR,2.6582,0.4984,0.3696,0.4018,2.4887,2.5634,0.0256,0.0681,0.7500,False,"erw. Punkte 27.7:27.8 (Marge -0.1, Total 55.5). Modell 49.8 %, DraftKings 37.0 %, Entscheidung 40.2 % (Modellgewicht 25%). Form CAR NNNSN (+1), DET NSSNS (-12); Pause 8/8 Tage; DK-Linie DET -3.5, O/U 50.5",,,,
2026-09-28T18:53:55+00:00,2026-09-28T18:53:53+00:00,nhl,Carolina Hurricanes – Florida Panthers,2026-09-29T21:00+00:00,home,Carolina Hurricanes Sieg (inkl. OT),kalshi,KXNHLGAME-26SEP29FLACAR-CAR,1.8265,0.6765,0.5346,0.5701,1.7542,1.8068,0.0226,0.0412,0.5000,True,"erw. Tore 3.89:2.77, 60-Min-Remis 14 % (OT-Aufteilung geschätzt). Modell 67.6 %, DraftKings 53.5 %, Entscheidung 57.0 % (Modellgewicht 25%). CAR Vorsaison: 5v5-GF% 53 %, PP 25 %, PK 81 %; FLA Vorsaison: 5v5-GF% 47 %, PP 20 %, PK 81 %",loss,1.8349,-0.0046,-0.5000
2026-09-28T20:31:44+00:00,2026-09-28T20:30:55+00:00,nations,Luxembourg – Iceland,2026-09-29T18:45+00:00,home,Luxembourg Sieg (90 Min.),kalshi,KXUEFANLGAME-26SEP29LUXISL-LUX,3.3990,0.3751,0.2876,0.3226,3.0999,3.1929,0.0284,0.0965,0.7500,False,"erw. Tore 1.22:1.13 (Elo-Modell), O2.5 42 %. Modell 37.5 %, DraftKings 28.8 %, Entscheidung 32.3 % (Modellgewicht 40%). Elo Luxembourg 1476, Iceland 1554 (+100 Heim); Form LU SSNSS (+6), IS UUNNU (-4); Pause 3/3 Tage",loss,3.6545,-0.0699,-0.7500
2026-09-28T20:41:19+00:00,2026-09-28T20:39:46+00:00,bundesliga,SC Paderborn 07 – VfB Stuttgart,2026-10-10T13:30+00:00,home,SC Paderborn 07 Sieg (90 Min.),kalshi,KXBUNDESLIGAGAME-26OCT10PADVFB-PAD,4.7348,0.3313,0.1870,0.2591,3.8588,3.9746,0.0479,0.2270,1.0000,False,"erw. Tore 1.56:1.81 (Tore+xG 50/50), O2.5 65 %. Modell 33.1 %, DraftKings 18.7 %, Entscheidung 25.9 % (Modellgewicht 50%). Form Paderborn SUNNS (+0), Stuttgart UNSNN (-3); Pause 20/21 Tage; Paderborn: xG 0.67, xGA 1.43, Tore 0.75:1.25 je Spiel (4 Sp.); Stuttgart: xG 1.82, xGA 2.75, Tore 1.50:2.25 je Spiel (4 Sp.) | ZURÜCKGEZOGEN: 30.09.2026 – Fußball-Freigaben ausgesetzt (Modell im Backtest schlechter als Markt, 0-4, CLV negativ)",withdrawn,,,
2026-09-28T20:41:19+00:00,2026-09-28T20:40:02+00:00,nations,Finland – Belarus,2026-09-29T16:00+00:00,away,Belarus Sieg (90 Min.),kalshi,KXUEFANLGAME-26SEP29FINBLR-BLR,6.2893,0.2339,0.1472,0.1819,5.4975,5.6624,0.0229,0.1440,0.5000,False,"erw. Tore 1.47:0.94 (Elo-Modell), O2.5 43 %. Modell 23.4 %, Kalshi-Mitte 14.7 %, Entscheidung 18.2 % (Modellgewicht 40%). Elo Finland 1539, Belarus 1507 (+100 Heim); Form FI SUNNS (+4), BY SSSUN (+3); Pause 3/3 Tage",loss,7.9600,-0.2099,-0.5000
2026-09-28T20:41:19+00:00,2026-09-28T20:39:46+00:00,bundesliga,1. FC Union Berlin – SV Elversberg,2026-10-10T13:30+00:00,away,SV Elversberg Sieg (90 Min.),kalshi,KXBUNDESLIGAGAME-26OCT10UNISVE-SVE,2.8944,0.4609,0.3273,0.3941,2.5374,2.6135,0.0486,0.1407,1.2500,False,"erw. Tore 1.41:1.79 (Tore+xG 50/50), O2.5 62 %. Modell 46.1 %, DraftKings 32.7 %, Entscheidung 39.4 % (Modellgewicht 50%). Form Union Berlin SUNNN (-9), Elversberg SSSNU (+4); Pause 22/20 Tage; Union Berlin: xG 1.13, xGA 2.71, Tore 1.00:4.25 je Spiel (4 Sp.); Elversberg: xG 1.38, xGA 2.02, Tore 2.00:1.75 je Spiel (4 Sp.) | ZURÜCKGEZOGEN: 30.09.2026 – Fußball-Freigaben ausgesetzt (Modell im Backtest schlechter als Markt, 0-4, CLV negativ)",withdrawn,,,
2026-09-28T20:41:19+00:00,2026-09-28T20:39:46+00:00,bundesliga,SC Freiburg – Schalke 04,2026-10-11T15:30+00:00,away,Schalke 04 Sieg (90 Min.),kalshi,KXBUNDESLIGAGAME-26OCT11SCFSCH-SCH,4.9801,0.2677,0.1739,0.2208,4.5283,4.6641,0.0200,0.0998,0.2500,False,"erw. Tore 1.50:1.08 (Tore+xG 50/50), O2.5 48 %. Modell 26.8 %, DraftKings 17.4 %, Entscheidung 22.1 % (Modellgewicht 50%). Form Freiburg SSSSU (+12), Schalke 04 SNUSU (+0); Pause 22/21 Tage; Freiburg: xG 2.22, xGA 0.91, Tore 3.00:0.75 je Spiel (4 Sp.); Schalke 04: xG 1.32, xGA 2.10, Tore 0.75:1.00 je Spiel (4 Sp.) | ZURÜCKGEZOGEN: 30.09.2026 – Fußball-Freigaben ausgesetzt (Modell im Backtest schlechter als Markt, 0-4, CLV negativ)",withdrawn,,,
2026-09-28T20:41:19+00:00,2026-09-28T20:40:02+00:00,nations,Wales – Norway,2026-10-01T18:45+00:00,home,Wales Sieg (90 Min.),kalshi,KXUEFANLGAME-26OCT01WALNOR-WAL,5.8997,0.2057,0.1567,0.1763,5.6722,5.8424,0.0068,0.0401,0.2500,False,"erw. Tore 0.88:1.56 (Elo-Modell), O2.5 44 %. Modell 20.6 %, DraftKings 15.7 %, Entscheidung 17.6 % (Modellgewicht 40%). Elo Wales 1669, Norway 1937 (+100 Heim); Form WA UUNNN (-4), NO SSNSN (+1); Pause 4/4 Tage | ZURÜCKGEZOGEN: 30.09.2026 – Fußball-Freigaben ausgesetzt (Modell im Backtest schlechter als Markt, 0-4, CLV negativ)",withdrawn,,,
2026-09-28T20:41:19+00:00,2026-09-28T20:40:02+00:00,nations,Germany – Serbia,2026-10-01T18:45+00:00,away,Serbia Sieg (90 Min.),kalshi,KXUEFANLGAME-26OCT01GERSRB-SRB,10.4384,0.1270,0.0803,0.0990,10.1027,10.4058,0.0032,0.0332,0.2500,False,"erw. Tore 1.92:0.72 (Elo-Modell), O2.5 49 %. Modell 12.7 %, DraftKings 8.0 %, Entscheidung 9.9 % (Modellgewicht 40%). Elo Germany 1884, Serbia 1697 (+100 Heim); Form DE SNUUN (-1), RS SNNNN (-8); Pause 4/4 Tage | ZURÜCKGEZOGEN: 30.09.2026 – Fußball-Freigaben ausgesetzt (Modell im Backtest schlechter als Markt, 0-4, CLV negativ)",withdrawn,,,
2026-09-28T21:03:51+00:00,2026-09-28T21:02:15+00:00,nations,Bulgaria – Estonia,2026-09-29T18:45+00:00,away,Estonia Sieg (90 Min.),kalshi,KXUEFANLGAME-26SEP29BULEST-EST,5.8997,0.2133,0.1639,0.1837,5.4446,5.6079,0.0142,0.0836,0.2500,False,"erw. Tore 1.54:0.90 (Elo-Modell), O2.5 44 %. Modell 21.3 %, DraftKings 16.4 %, Entscheidung 18.4 % (Modellgewicht 40%). Elo Bulgaria 1432, Estonia 1374 (+100 Heim); Form BG SSNUN (+7), EE UNSSU (+0); Pause 3/3 Tage",loss,5.1538,0.1447,-0.2500
2026-09-28T21:03:51+00:00,2026-09-28T21:02:15+00:00,nations,Slovakia – Kazakhstan,2026-09-29T18:45+00:00,away,Kazakhstan Sieg (90 Min.),kalshi,KXUEFANLGAME-26SEP29SVKKAZ-KAZ,13.4048,0.0999,0.0653,0.0792,12.6308,13.0097,0.0046,0.0613,0.2500,False,"erw. Tore 2.10:0.66 (Elo-Modell), O2.5 52 %. Modell 10.0 %, Kalshi-Mitte 6.5 %, Entscheidung 7.9 % (Modellgewicht 40%). Elo Slovakia 1670, Kazakhstan 1431 (+100 Heim); Form SK NSSUS (+4), KZ SSUNU (+1); Pause 3/3 Tage",loss,18.0909,-0.2590,-0.2500
2026-09-29T04:29:04+00:00,2026-09-29T04:26:10+00:00,nations,Greece – Germany,2026-10-04T18:45+00:00,draw,Unentschieden (90 Min.),kalshi,KXUEFANLGAME-26OCT04GREGER-TIE,4.1254,0.2931,0.2222,0.2506,3.9912,4.1109,0.0082,0.0336,0.2500,False,"erw. Tore 1.21:1.14 (Elo-Modell), O2.5 42 %. Modell 29.3 %, Kalshi-Mitte 22.2 %, Entscheidung 25.1 % (Modellgewicht 40%). Elo Greece 1801, Germany 1884 (+100 Heim); Form GR UUNSS (+1), DE SNUUN (-1); Pause 7/7 Tage | ZURÜCKGEZOGEN: 30.09.2026 – Fußball-Freigaben ausgesetzt (Modell im Backtest schlechter als Markt, 0-4, CLV negativ)",withdrawn,,,
2026-09-29T04:29:04+00:00,2026-09-29T04:26:35+00:00,ucl,Viking FK – Bayern Munich,2026-10-13T19:00+00:00,draw,Unentschieden (90 Min.),kalshi,KXUCLGAME-26OCT13VIKBMU-TIE,13.4048,0.1996,0.0617,0.1031,9.6993,9.9902,0.0285,0.3820,0.2500,True,"erw. Tore 0.84:2.16 (ClubElo, xG-korrigiert), O2.5 58 %. Modell 20.0 %, DraftKings 6.2 %, Entscheidung 10.3 % (Modellgewicht 30%). Viking 1693 (Norway, keine xG-Quelle); Bayern Munich: xG 3.15, xGA 0.56, Tore 3.50:0.50 je Spiel (4 Sp.) → ClubElo 2046 -13 = 2033 | ZURÜCKGEZOGEN: 30.09.2026 – Fußball-Freigaben ausgesetzt (Modell im Backtest schlechter als Markt, 0-4, CLV negativ)",withdrawn,,,
2026-09-29T04:29:04+00:00,2026-09-29T04:26:35+00:00,ucl,Galatasaray – Barcelona,2026-10-13T19:00+00:00,home,Galatasaray Sieg (90 Min.),kalshi,KXUCLGAME-26OCT13GALBAR-GAL,7.8493,0.2550,0.1181,0.1592,6.2815,6.4700,0.0318,0.2496,0.2500,True,"erw. Tore 1.12:1.63 (ClubElo, xG-korrigiert), O2.5 52 %. Modell 25.5 %, DraftKings 11.8 %, Entscheidung 15.9 % (Modellgewicht 30%). Galatasaray: xG 2.36, xGA 1.13, Tore 2.17:1.67 je Spiel (6 Sp.) → ClubElo 1795 +29 = 1825; Barcelona: xG 3.97, xGA 1.08, Tore 4.43:1.00 je Spiel (7 Sp.) → ClubElo 2024 -24 = 2000 | ZURÜCKGEZOGEN: 30.09.2026 – Fußball-Freigaben ausgesetzt (Modell im Backtest schlechter als Markt, 0-4, CLV negativ)",withdrawn,,,
2026-09-29T09:45:41+00:00,2026-09-29T09:45:13+00:00,nfl,Chicago Bears – New York Jets,2026-10-04T17:00+00:00,away,New York Jets Sieg (inkl. OT),kalshi,KXNFLGAME-26OCT04NYJCHI-NYJ,2.5880,0.4007,0.4007,0.4007,2.4955,2.5704,0.0143,0.0370,0.2500,False,"Markt (DraftKings) 40.1 %, Modell 40.1 % – Modell nicht validiert (kein Backtest mit historischen Quoten möglich), Entscheidung 40.1 % (Modellgewicht 0%). Schnellscan (Preisvergleich ohne Modell). ",loss,2.7397,-0.0554,-0.2500
2026-09-29T20:50:02+00:00,2026-09-29T20:49:53+00:00,nations,Faroe Islands – Slovakia,2026-10-02T18:45+00:00,home,Faroe Islands Sieg (90 Min.),kalshi,KXUEFANLGAME-26OCT02FROSVK-FRO,6.2893,0.1639,0.1639,0.1639,6.1011,6.2841,0.0049,0.0309,0.2500,False,"Markt (DraftKings) 16.4 %, Modell 16.4 % – Modell nicht validiert (kein Backtest mit historischen Quoten möglich), Entscheidung 16.4 % (Modellgewicht 0%). Schnellscan (Preisvergleich ohne Modell).  | ZURÜCKGEZOGEN: 30.09.2026 – Fußball-Freigaben ausgesetzt (Modell im Backtest schlechter als Markt, 0-4, CLV negativ)",withdrawn,,,
2026-09-30T13:29:55+00:00,2026-09-30T13:27:07+00:00,nations,Switzerland – Slovenia,2026-10-03T18:45+00:00,away,Slovenia Sieg (90 Min.),kalshi,KXUEFANLGAME-26OCT03SUISLO-SLO,9.4073,0.0846,0.1115,0.1115,8.9665,9.2355,0.0052,0.0492,0.2500,False,"Markt (DraftKings) 11.2 %, Modell 8.5 % – Modell nicht validiert (kein Backtest mit historischen Quoten möglich), Entscheidung 11.2 % (Modellgewicht 0%). erw. Tore 2.22:0.62 (Elo-Modell), O2.5 54 %. Elo Switzerland 1968, Slovenia 1694 (+100 Heim); Form CH SUNSS (+6), SI SUNUS (+2); Pause 4/4 Tage | ZURÜCKGEZOGEN: 30.09.2026 – Fußball-Freigaben ausgesetzt (Modell im Backtest schlechter als Markt, 0-4, CLV negativ)",withdrawn,,,
2026-09-30T18:56:11+00:00,2026-09-30T18:56:07+00:00,nations,Portugal – Norway,2026-10-04T18:45+00:00,draw,Unentschieden (90 Min.),kalshi,KXUEFANLGAME-26OCT04PORNOR-TIE,4.3085,0.2423,0.2423,0.2423,4.1269,4.2507,0.0102,0.0440,0.2500,False,"Markt (DraftKings) 24.2 %, Modell 24.2 % – Modell nicht validiert (kein Backtest mit historischen Quoten möglich), Entscheidung 24.2 % (Modellgewicht 0%). Schnellscan (Preisvergleich ohne Modell). ",loss,4.7209,-0.0874,-0.2500
2026-10-03T00:06:07+00:00,2026-10-03T00:06:01+00:00,nations,Switzerland – Slovenia,2026-10-03T18:45+00:00,away,Slovenia Sieg (90 Min.),kalshi,KXUEFANLGAME-26OCT03SUISLO-SLO,11.7371,0.0889,0.0889,0.0889,11.2457,11.5830,0.0037,0.0437,0.2500,False,"Markt (DraftKings) 8.9 %, Modell 8.9 % – Modell nicht validiert (kein Backtest mit historischen Quoten möglich), Entscheidung 8.9 % (Modellgewicht 0%). Schnellscan (Preisvergleich ohne Modell). ",loss,11.8235,-0.0073,-0.2500
2026-10-03T18:29:08+00:00,2026-10-03T18:29:08+00:00,nations,Kazakhstan – Faroe Islands,2026-10-06T14:00+00:00,O2.5,Über 2.5 Tore,kalshi,KXUEFANLTOTAL-26OCT06KAZFRO-3,2.5221,0.4120,0.4120,0.4120,2.4274,2.5003,0.0155,0.0390,0.2500,False,"Markt (DraftKings, de-vigged) 41.2 % auf derselben Linie. Modell laut Backtest nicht besser als der Markt – reiner Preisvergleich. Kalshi JA 37/38 ¢",,,,
2026-10-04T05:48:49+00:00,2026-10-04T05:48:43+00:00,nfl,New England Patriots – Las Vegas Raiders,2026-10-11T17:00+00:00,home,New England Patriots Sieg (inkl. OT),kalshi,KXNFLGAME-26OCT11LVNE-NE,1.6474,0.6393,0.6393,0.6393,1.5643,1.6112,0.0323,0.0532,1.5000,False,"Markt (DraftKings) 63.9 %, Modell 63.9 % – Modell nicht validiert (kein Backtest mit historischen Quoten möglich), Entscheidung 63.9 % (Modellgewicht 0%). Schnellscan (Preisvergleich ohne Modell). ",,,,
2026-10-04T18:38:16+00:00,2026-10-04T18:38:04+00:00,nfl,Green Bay Packers – Chicago Bears,2026-10-11T17:00+00:00,home,Green Bay Packers Sieg (inkl. OT),kalshi,KXNFLGAME-26OCT11CHIGB-GB,1.8957,0.5547,0.5547,0.5547,1.8029,1.8570,0.0272,0.0515,1.0000,False,"Markt (DraftKings) 55.5 %, Modell 55.5 % – Modell nicht validiert (kein Backtest mit historischen Quoten möglich), Entscheidung 55.5 % (Modellgewicht 0%). Schnellscan (Preisvergleich ohne Modell). ",,,,
2026-10-04T19:20:17+00:00,2026-10-04T19:20:04+00:00,nfl,Seattle Seahawks – San Francisco 49ers,2026-10-11T20:25+00:00,home,Seattle Seahawks Sieg (inkl. OT),kalshi,KXNFLGAME-26OCT11SFSEA-SEA,1.7322,0.6166,0.6166,0.6166,1.6218,1.6705,0.0393,0.0681,1.5000,False,"Markt (DraftKings) 61.7 %, Modell 61.7 % – Modell nicht validiert (kein Backtest mit historischen Quoten möglich), Entscheidung 61.7 % (Modellgewicht 0%). Schnellscan (Preisvergleich ohne Modell). ",,,,
2026-10-04T22:24:41+00:00,2026-10-04T22:24:27+00:00,nfl,Washington Commanders – New York Giants,2026-10-11T17:00+00:00,away,New York Giants Sieg (inkl. OT),kalshi,KXNFLGAME-26OCT11NYGWAS-NYG,2.5880,0.4326,0.4326,0.4326,2.3118,2.3812,0.0462,0.1195,1.2500,False,"Markt (DraftKings) 43.3 %, Modell 43.3 % – Modell nicht validiert (kein Backtest mit historischen Quoten möglich), Entscheidung 43.3 % (Modellgewicht 0%). Schnellscan (Preisvergleich ohne Modell). ",,,,
2026-10-04T22:24:41+00:00,2026-10-04T22:24:27+00:00,nfl,Los Angeles Chargers – Denver Broncos,2026-10-11T20:05+00:00,home,Los Angeles Chargers Sieg (inkl. OT),kalshi,KXNFLGAME-26OCT11DENLAC-LAC,2.3419,0.4453,0.4453,0.4453,2.2455,2.3129,0.0183,0.0429,0.5000,False,"Markt (DraftKings) 44.5 %, Modell 44.5 % – Modell nicht validiert (kein Backtest mit historischen Quoten möglich), Entscheidung 44.5 % (Modellgewicht 0%). Schnellscan (Preisvergleich ohne Modell). ",,,,
2026-10-05T01:05:24+00:00,2026-10-05T01:05:11+00:00,nfl,Miami Dolphins – Cincinnati Bengals,2026-10-11T17:00+00:00,home,Miami Dolphins Sieg (inkl. OT),kalshi,KXNFLGAME-26OCT11CINMIA-MIA,4.3085,0.2402,0.2402,0.2402,4.1635,4.2884,0.0081,0.0348,0.2500,False,"Markt (DraftKings) 24.0 %, Modell 24.0 % – Modell nicht validiert (kein Backtest mit historischen Quoten möglich), Entscheidung 24.0 % (Modellgewicht 0%). Schnellscan (Preisvergleich ohne Modell). ",,,,
2026-10-07T04:47:20+00:00,2026-10-07T04:47:12.269047+00:00,nhl,Ottawa Senators – Philadelphia Flyers,2026-10-08T23:00:00+00:00,away,Philadelphia Flyers ML,polymarket,polymarket:nhl-phi-ott-2026-10-08:97892723056246237604374798726387775661711986821776894644662863079319071974831,2.2222,0.3830,0.4722,0.4722,2.1179,2.1815,0.0222,0.0492,0.5000,True,"Unabhängige Referenz 0.47216055520240385, Modell 0.383 – Modell nicht validiert (kein Backtest mit historischen Quoten möglich). erw. Tore 3.31:2.62, 60-Min-Remis 16 % (OT-Aufteilung geschätzt). OTT Vorsaison: 5v5-GF% 52 %, PP 24 %, PK 76 %; PHI Vorsaison: 5v5-GF% 52 %, PP 16 %, PK 78 %; Belastung OTT: 2 T Pause, Heimspiel nach Rückreise 660 km | PHI: 3 T Pause, Anreise 2014 km ≈ 4,0 h, Klima gemäßigt → kontinental-kalt → +0.0 Tore Heim-Sicht; Polymarket ML: OTT 55.5% / PHI 44.5% · Liq ~$11,326",,,,
2026-10-07T04:47:20+00:00,2026-10-07T04:47:12.269047+00:00,nhl,Anaheim Ducks – Edmonton Oilers,2026-10-08T02:00:00+00:00,home,Anaheim Ducks ML,polymarket,polymarket:nhl-edm-ana-2026-10-07:3703244107772524080413449394834369942049779670944198851595653159468843704485,2.2222,0.4503,0.4654,0.4654,2.1486,2.2131,0.0154,0.0343,0.2500,True,"Unabhängige Referenz 0.4654137725671179, Modell 0.450 – Modell nicht validiert (kein Backtest mit historischen Quoten möglich). erw. Tore 3.54:3.87, 60-Min-Remis 15 % (OT-Aufteilung geschätzt). ANA Vorsaison: 5v5-GF% 47 %, PP 19 %, PK 76 %; EDM Vorsaison: 5v5-GF% 48 %, PP 31 %, PK 78 %; Belastung ANA: 3 T Pause, Heimspiel | EDM: 4 T Pause, Anreise 2222 km ≈ 4,3 h, Zeitzone -1 h, Klima kontinental-kalt → mediterran → -0.0 Tore Heim-Sicht; Polymarket ML: ANA 44.5% / EDM 55.5% · Liq ~$118,781",,,,
2026-10-07T04:47:20+00:00,2026-10-07T04:47:12.269047+00:00,nhl,Washington Capitals – Pittsburgh Penguins,2026-10-07T23:30:00+00:00,home,Washington Capitals ML,polymarket,polymarket:nhl-pit-wsh-2026-10-07:111820866359751592701324155582874840407668609550578412244990571867612448032866,1.7241,0.4915,0.5993,0.5993,1.6687,1.7187,0.0193,0.0333,0.5000,True,"Unabhängige Referenz 0.5992863997096265, Modell 0.492 – Modell nicht validiert (kein Backtest mit historischen Quoten möglich). erw. Tore 3.32:3.38, 60-Min-Remis 16 % (OT-Aufteilung geschätzt). WSH Vorsaison: 5v5-GF% 55 %, PP 18 %, PK 80 %; PIT Vorsaison: 5v5-GF% 54 %, PP 24 %, PK 81 %; Belastung WSH: 4 T Pause, Heimspiel nach Rückreise 1318 km | PIT: 2 T Pause, Anreise 307 km ≈ 1,9 h → -0.1 Tore Heim-Sicht; Polymarket ML: WSH 57.5% / PIT 42.5% · Liq ~$119,418",,,,
2026-10-07T06:10:13+00:00,2026-10-07T06:09:54.734994+00:00,nhl,Anaheim Ducks – Edmonton Oilers,2026-10-08T02:00:00+00:00,home,Anaheim Ducks Sieg (inkl. OT),1xbet,api-hockey:444652:home:1xbet,2.2900,0.4503,0.4654,0.4654,2.1486,2.2131,0.0287,0.0658,0.5000,True,"Unabhängige Referenz 0.4654137725671179, Modell 0.450 – Modell nicht validiert (kein Backtest mit historischen Quoten möglich). erw. Tore 3.54:3.87, 60-Min-Remis 15 % (OT-Aufteilung geschätzt). ANA Vorsaison: 5v5-GF% 47 %, PP 19 %, PK 76 %; EDM Vorsaison: 5v5-GF% 48 %, PP 31 %, PK 78 %; Belastung ANA: 3 T Pause, Heimspiel | EDM: 4 T Pause, Anreise 2222 km ≈ 4,3 h, Zeitzone -1 h, Klima kontinental-kalt → mediterran → -0.0 Tore Heim-Sicht; API-Hockey Markt: Anaheim Ducks 42.0% / Edmonton Oilers 58.0% (Konsens); Polymarket ML: ANA 44.5% / EDM 55.5% · Liq ~$120,426",,,,
2026-10-07T17:25:21+00:00,2026-10-07T17:24:56.867668+00:00,nhl,Ottawa Senators – Philadelphia Flyers,2026-10-08T23:00:00+00:00,home,Ottawa Senators Sieg (inkl. OT),1xbet,api-hockey:444653:home:1xbet,1.8200,0.6170,0.5674,0.5674,1.7623,1.8152,0.0180,0.0327,0.2500,True,"Unabhängige Referenz 0.5674365390167734, Modell 0.617 – Modell nicht validiert (kein Backtest mit historischen Quoten möglich). erw. Tore 3.31:2.62, 60-Min-Remis 16 % (OT-Aufteilung geschätzt). OTT Vorsaison: 5v5-GF% 52 %, PP 24 %, PK 76 %; PHI Vorsaison: 5v5-GF% 52 %, PP 16 %, PK 78 %; Belastung OTT: 2 T Pause, Heimspiel nach Rückreise 660 km | PHI: 3 T Pause, Anreise 2014 km ≈ 4,0 h, Klima gemäßigt → kontinental-kalt → +0.0 Tore Heim-Sicht; API-Hockey Markt: Ottawa Senators 53.5% / Philadelphia Flyers 46.5% (Konsens); Polymarket ML: OTT 56.5% / PHI 43.5% · Liq ~$22,736",win,,,0.2050
2026-10-08T04:59:16+00:00,2026-10-08T04:59:10.972947+00:00,nl,HC Davos – EHC Kloten,2026-10-09T17:45:00+00:00,home,HC Davos Sieg (inkl. OT),1xbet,api-hockey:428813:home:1xbet,1.2900,0.8244,0.8060,0.8060,1.2407,1.2779,0.0308,0.0397,1.5000,True,"Unabhängige Referenz 0.8059983603773804, Modell 0.824 – Modell nicht validiert (kein Backtest mit historischen Quoten möglich). erw. Tore 3.68:1.67. Fixture: Kalshi read-only; Form Davos NSSSN (+5), Kloten NNNNN (-18); API-Hockey Markt: HC Davos 80.6% / EHC Kloten 19.4% (Konsens)",,,,
